Date,Emotion
2026-02-24 18:36:20.771701,Anxiety
2026-02-24 18:36:31.649440,Anxiety
2026-02-24 18:36:58.758154,Neutral
2026-02-24 18:42:39.965465,Anxiety
2026-02-24 18:51:20.849846,Neutral
2026-02-24 18:51:49.474325,Neutral
2026-02-24 18:52:18.477473,Happy
2026-02-24 18:52:34.076036,Neutral
2026-02-24 18:52:51.897776,Neutral
2026-02-24 18:53:03.897688,Neutral
2026-02-24 18:53:49.276033,Neutral
2026-02-24 18:57:15.901527,Happy
2026-02-24 19:00:53.763943,Anxiety
2026-02-24 19:01:13.826601,Happy
2026-02-24 19:01:33.088432,Neutral
2026-02-24 19:01:47.081658,Anxiety
2026-02-24 19:02:02.639134,Neutral
2026-02-24 19:02:13.348830,Neutral
2026-02-24 19:02:33.407752,Sad
2026-02-24 19:02:49.606587,Sad
2026-02-24 19:05:57.706301,Happy
2026-02-24 19:06:07.847744,Bored
2026-02-24 19:06:18.917226,Happy
2026-02-24 19:06:30.806976,Bored
2026-02-24 19:12:15.516621,Anxiety
2026-02-24 19:16:54.827226,Sad
2026-02-24 19:21:11.983983,Sad
2026-02-24 19:21:20.964901,Anxiety
2026-02-24 19:21:46.915942,Neutral
2026-02-24 19:23:22.809242,Anxiety
2026-02-24 19:23:47.848914,Anxiety
2026-02-24 19:38:19.025121,Neutral
2026-02-24 19:38:21.002010,Neutral
2026-02-24 20:01:14.953678,Happy
